{
    "model": [
        "With BatchNorm",
        "Without BatchNorm"
    ],
    "train_acc": [
        99.756031444836,
        76.036866359447
    ],
    "validation_acc": [
        95.15151515151516,
        71.71717171717172
    ],
    "train_loss": [
        0.00910869248679246,
        0.5008002546164868
    ],
    "validation_loss": [
        0.17531209288432914,
        0.5378595357460361
    ]
}