{
    "dropout": [
        0.0,
        0.1,
        0.2,
        0.3,
        0.4,
        0.5,
        0.6,
        0.7,
        0.8
    ],
    "train_acc": [
        100.0,
        100.0,
        100.0,
        99.64760097587423,
        99.21387910002711,
        98.40065058281377,
        97.07237733803198,
        96.15071835185687,
        92.16589861751152
    ],
    "validation_acc": [
        95.15151515151516,
        94.54545454545455,
        94.54545454545455,
        94.14141414141415,
        94.54545454545455,
        93.73737373737374,
        94.54545454545455,
        92.32323232323232,
        92.12121212121212
    ],
    "train_loss": [
        0.001408968941773646,
        0.001349953391232593,
        0.0027444270443045234,
        0.011725815796048302,
        0.024598247003375536,
        0.04698984145129281,
        0.07859091486237389,
        0.10143010206744589,
        0.1872458632173657
    ],
    "validation_loss": [
        0.17998299236042903,
        0.16213004034121759,
        0.16550441367897703,
        0.1847794756850335,
        0.15294420006985054,
        0.22469210800336747,
        0.13666263529160372,
        0.21367471472200716,
        0.16673685042957415
    ]
}