{
    "lr": [
        0.0001,
        0.0005,
        0.001,
        0.005,
        0.01,
        0.05
    ],
    "train_acc": [
        95.55435077256709,
        100.0,
        100.0,
        99.97289238275955,
        99.29520195174844,
        99.97289238275955
    ],
    "validation_acc": [
        88.88888888888889,
        93.93939393939394,
        94.94949494949495,
        98.18181818181819,
        97.77777777777777,
        95.95959595959596
    ],
    "train_loss": [
        0.1322018470224659,
        0.0037445872436401182,
        0.0008448182509172635,
        0.0012735175615576153,
        0.020979820452661734,
        0.0012715470908605093
    ],
    "validation_loss": [
        0.22688327871653582,
        0.17215259959565107,
        0.12781831151928888,
        0.09153662352705129,
        0.10071214813826454,
        0.20455858425533602
    ]
}