{
    "optimizer": [
        "SGD",
        "Adam"
    ],
    "train_acc": [
        [
            69.63946869070209,
            71.48278666305232,
            76.11818921116834,
            83.16616969368393,
            87.96421794524261,
            89.40092165898618,
            91.81349959338574,
            92.65383572783952,
            93.92789373814041,
            94.7682298725942,
            95.47302792084575,
            96.47600975874221,
            97.6958525345622,
            97.80428300352399,
            98.59040390349688,
            98.31932773109244,
            98.80726484142043,
            98.80726484142043,
            99.512062889672,
            99.81024667931689
        ],
        [
            73.59718080780699,
            84.44022770398482,
            87.34074274871239,
            89.56356736242884,
            91.84060721062619,
            93.30441854161019,
            95.17484413120087,
            95.39170506912443,
            95.85253456221199,
            96.15071835185687,
            96.42179452426132,
            97.61452968284088,
            97.42477636215777,
            98.02114394144755,
            98.26511249661155,
            98.18378964489021,
            97.83139062076444,
            98.56329628625643,
            98.31932773109244,
            98.37354296557332
        ]
    ],
    "validation_acc": [
        [
            69.4949494949495,
            73.93939393939394,
            80.20202020202021,
            88.08080808080808,
            83.83838383838383,
            85.45454545454545,
            89.29292929292929,
            91.71717171717172,
            88.88888888888889,
            93.13131313131314,
            91.91919191919192,
            93.73737373737374,
            94.74747474747475,
            95.75757575757575,
            95.95959595959596,
            94.54545454545455,
            93.13131313131314,
            95.75757575757575,
            94.14141414141415,
            95.95959595959596
        ],
        [
            82.22222222222223,
            83.83838383838383,
            89.0909090909091,
            93.13131313131314,
            90.3030303030303,
            93.93939393939394,
            94.54545454545455,
            92.32323232323232,
            93.33333333333333,
            93.33333333333333,
            94.14141414141415,
            95.55555555555556,
            95.15151515151516,
            96.16161616161617,
            93.13131313131314,
            96.16161616161617,
            94.94949494949495,
            96.16161616161617,
            95.15151515151516,
            93.93939393939394
        ]
    ],
    "train_loss": [
        0.009786949082670322,
        0.041876561659785275
    ],
    "validation_loss": [
        0.12827080108894803,
        0.24091423587873287
    ]
}